crn,consultant_name,email,phone,city,state,zipcode,schools_served,total_applications,latest_funding_year
16024740,Alemar Consulting,friedman@alemarconsulting.com,610-999-9935,Broomall,PA,19008,13,305,2026
16024741,AdTec-Administrative and Technical Consulting,info@adtecerate.com,765-855-1612,CENTERVILLE,IN,47330,822,20304,2026
16024799,"Clarity Solutions, Inc.",brian@erate4schools.com,704-366-8990,Charlotte,NC,28211,33,621,2026
16024800,CRW Consulting,info@crwconsulting.com,918-445-0048,Tulsa,OK,74170,393,8744,2026
16024803,"E-Rate Elite Services, Inc.",clenhardt@erateelite.com,410-902-5800,Owings Mills,MD,21117,149,3057,2026
16024804,"eRate Solutions, L.L.C.",eddieholt@eratesolutions.com,866-333-7283,Lawrence,KS,66044,311,6860,2026
16024807,Educational Consortium for Telecom Savings,,215-504-5380,Newtown,PA,18940,600,5806,2026
16024808,Funds for Learning,jharrington@fundsforlearning.com,405-341-4140,Edmond,OK,73013,575,15482,2026
16024809,Kellogg & Sovereign Consulting,info@kelloggllc.com,580-332-1444,Dallas,TX,75234,497,2670,2026
16024810,"NvLS Professional Services, LLC",nancyvls@nvls-erate.com,858-271-8585,San Diego,CA,92131,58,1699,2026
16024811,ONeal Consulting,noneal@ocerate.com,888-416-8389,Cicero,NY,13039,376,7347,2026
16043561,Innovate Technology LLC,ronalddunworth@gmail.com,303-507-5301,Windsor,CO,80550,1,18,2025
16043564,CSM Consulting Inc.,kfriends@csmcentral.com,909-652-9104,Ontario,CA,91764,555,16119,2026
16043565,Central Susquehanna Intermediate Unit,jfausey@csiu.org,570-523-1155,Milton,PA,17847,61,2322,2026
16043571,Convergent Technology Partners,info@ctpartners.net,810-720-3820,Swartz Creek,MI,48473,203,2193,2026
16043573,CTI eRate Services,heatherb@ctierate.com,866-858-2202,North Port,FL,34287,347,2256,2026
16043575,"Data Core Engineering, Inc.",gberman@datacoreeng.com,651-604-3200,Roseville,MN,55113,3,82,2025
16043577,Designs for Learning,tkemen@designlearn.net,651-255-8838,St Paul,MN,55114,20,382,2026
16043579,Eastern Oklahoma E-Rate Service,eratemone4u@yahoo.com,918-441-3538,Council Hill,OK,74428,61,1514,2026
16043580,Dynamic Strategies LLC,cmclaughlin@dynamicstrategiesllc.com,334-221-6124,Sylacauga,AL,35151,3,85,2024
16043582,eDimension LLC,russ@edimension.us,951-525-8760,Riverside,CA,92504,30,293,2026
16043584,"Education Partners Solution, Inc.",gifford@eps4.com,281-494-0187,Sugar Land,TX,77479,15,848,2026
16043587,Educational Funding Group,skaplan@naa.com,216-831-2626,Cleveland,OH,44124,194,2786,2026
16043588,Elert & Associates,ron.bundy@elert.com,651-430-2772,Stillwater,MN,55082,7,194,2025
16043589,Elite Fund Inc,,800-705-9703,Stanton,MI,48888,414,9391,2026
16043592,E-Rate Complete,Erin@eratecomplete.com,605-670-2702,Sioux Center,IA,51250,177,3038,2026
16043594,E-Rate Consulting Inc.,info@erateconsulting.com,973-200-4815,Montclair,NJ,07042,218,4439,2026
16043595,"e2e Exchange, LLC",erate@erateexchange.com,315-422-7608,Southlake,TX,76092,661,3134,2026
16043598,E Rate Solutions Group Inc,kweiss@erategroup.com,732-946-8300,Colts Neck,NJ,07722,292,6008,2026
16043602,Evans Consulting,willevans@sbcglobal.net,832-754-3805,Houston,TX,77035,13,235,2026
16043603,Garren Shay Associates,scott@garrenshay.com,802-779-0455,Cuttingsville,VT,05738,1,4,2017
16043605,"Infinity Communications and Compliance, Inc.",erateadmin@infinitycomm.com,661-716-1840,Bakersfield,CA,93312,563,113,2026
16043607,"Integra Consulting & Computer Services, Inc",rosanne@integraservices.com,631-969-2500,Bay Shore,NY,11706,21,323,2025
16043610,"Janice Meyers Educational Consulting, LLC",janice@jhmedu.com,914-715-2466,Cary,NC,27519,48,78,2026
16043612,K12 Consultants,hugh@k12-consultants.com,724-350-4380,Fort Myers Beach,FL,33931,68,2005,2026
16043626,"The Kendrick Group, LLC",kendrick@educationrate.com,260-969-2711,Ft. Wayne,IN,46818,16,98,2025
16043627,"Kenseth Communications Consulting, Ltd",marian@kenseth.com,802-223-5674,Montpelier,VT,05602,16,588,2025
16043629,LJS & Associates,kevin@aonenetworks.com,734-469-4036,Livonia,MI,48154,12,85,2026
16043631,Mattison Enterprises,loy@surewest.net,916-849-0502,Orangevale,CA,95662,49,1353,2026
16043637,My E-Rate Guy LLC,drew@myerateguy.com,918-521-2030,Tulsa,OK,74106,13,5,2026
16043643,Nicely Done Consulting,stephanie@nicelydoneconsulting.com,623-780-5737,Glendale,AZ,85310,126,3690,2026
16043645,James Bennett DBA Olympic Peninsula Consultants,jbennett@olynet.com,360-640-0710,Clovis,CA,93619,41,453,2026
16043646,On-Tech Consulting Inc,info@on-tech.com,732-530-5435,Red Bank,NJ,07701,122,1159,2026
16043655,"Phoenix Educational, Inc.",jwykes@phoenixed.com,231-680-0068,Ludington,MI,49431,8,170,2026
16043662,School Helper LLC,linda.nodine@yahoo.com,864-583-2446,Spartanburg,SC,29304,1,4,2018
16043663,Service Associates Inc,ofrail@serviceassoc.com,828-337-4188,RURAL HALL,NC,27045,46,324,2026
16043665,Stodghill Group,salliek@stodghill.net,916-276-6863,Fair Oaks,CA,95628,10,163,2025
16043671,Tech Funds Inc,mdaniel1@cox.net,602-882-2459,Bakersfield,CA,93312,29,446,2026
16043676,Techplex,starrgarter@gmail.com,989-275-7798,Grandville,MI,49418,139,1814,2026
16043677,Telesolutions Consultants LLC,jerry@telesolutionsconsultants.com,630-351-6200,Bloomingdale,IL,60108,108,4356,2026
16043680,The KSL Group,dwatkin1@frontier.com,814-932-6888,Gibsonton,FL,33534,41,135,2026
16043681,The Miller Institute for Learning With Technology (dba Learningtech.org),erate@learningtech.org,650-598-0105,San Carlos,CA,94070,119,1748,2026
16043685,Tritt Schell Consulting Services,jtschell@comcast.net,717-574-4043,Mechanicsburg,PA,17050,24,45,2026
16043686,Universal Funding Consultants Inc,snutgrass@fundingtechnology.com,866-490-3688,Macon,GA,31201,34,371,2025
16043688,VST Services LP,RNeal@vstservices.com,682-237-7670,Trophy Club,TX,76262,165,3697,2026
16043864,"DEBRA M. KRIETE, ESQ.",dmkriete@comcast.net,717-232-0222,Mechanicsburg,PA,17050,43,948,2026
16048791,E-RATE ONLINE LLC,msagnella@erateportal.com,203-445-9577,Orange,CT,06477,433,10868,2026
16048893,"E-Rate 360 Solutions, LLC",ugarofano@erate360.com,888-535-7771,Parsippany,NJ,07054,202,4740,2026
16048902,"ERateProgram, LLC",clewis@erateprogram.com,314-282-3676,St. Louis,MO,63132,961,2168,2026
16048924,Epic Communications,office@epicinc.org,866-716-3336,Solon,OH,44139,189,1740,2026
16049012,Educate LLC,erate@educatellc.com,646-405-7382,New York,NY,10018,43,461,2026
16049014,Vitech Consulting Services,alanvis@outlook.com,410-310-4084,Denton,MD,21629,5,446,2025
16049024,E-Rate Consulting Specialists Inc.,tim@ecspecialists.net,281-232-0928,Richmond,TX,77469,73,1003,2026
16049032,Daniel Sichelski,isichelski@yahoo.com,708-430-4640,Burbank,IL,60459,1,5,2018
16049052,Smoky Hill Education Service Center,erate@smokyhill.org,785-825-9185,Salina,KS,67401,70,2620,2026
16049151,"ADS Advanced Data Services, Inc.",erate@adsadsi.com,281-465-8888,Mount Pleasant,TX,75455,57,1189,2025
16049460,Education TEAM Partners LLC,elka@edteam.com,480-966-2724,Tempe,AZ,85282,1,29,2022
16049497,BUSINESSMAP,jneal@business-map.org,614-774-7949,Cumming,GA,30041,102,1886,2026
16049508,MEMC Solutions,eddie@memcsolutions.com,661-816-9096,Palmdale,CA,93551,4,30,2022
16049542,Millennium Strategies LLC,jsmcguinness@millenniumstrategies.com,917-434-6035,Niskayuna,NY,12309,1,36,2025
16049548,Acklin & Associates,kelli@acklin.net,501-412-3534,Little Rock,AR,72212,7,45,2025
16049611,BTU Consultants,lori@btu-consultants.com,636-294-7117,O Fallon,MO,63366,143,2122,2026
16051885,"Zeller and Associates, LLC",gzeller@zellerandassociates.com,847-828-4606,Glenview,IL,60025,70,1688,2026
16052039,"E-Rate Strategies, LLC",jill@e-ratestrategies.com,603-659-5900,Suffield,CT,06078,49,549,2026
16052088,TECedge LLC,stephen.kelley@tecedge.net,617-276-6479,Cambridge,MA,02138,32,868,2026
16054660,Erate Management Group,cliff.joffrion@sbcglobal.net,713-385-3279,Houston,TX,77280,99,1800,2026
16054698,SMS E-Rate,,614-882-0596,Westerville,OH,43081,318,29,2026
16054699,New Hope Technology,jhughes@vistatm.com,919-593-2841,Atlantic Beach,NC,28512,257,106,2026
16054715,LBM Business Services,lbmbs.inc@gmail.com,310-902-5293,Las Vegas,NV,89134,1,30,2025
16054718,RTC/TRMG,markseltzer@trmgi.com,610-280-3810,Exton,PA,19341,20,533,2025
16054722,RMS Associates LLC,mstegner@phonerms.com,586-263-3960,Clinton Township,MI,48038,24,589,2026
16054730,R & R Consultants,dfagunduserate@gmail.com,781-929-7705,Hingham,MA,02043,13,26,2025
16054744,"Storm Consulting Group, LP",terri@storm-cg.com,205-267-9777,Bessemer,AL,35022,11,409,2026
16055051,"E-Rate Expertise, Inc.",claire@erateexpertise.com,253-320-0664,TACOMA,WA,98407,14,318,2025
16055380,Funding Consultants LLC,ranwez@fundingconsultants.org,770-547-4418,Rome,GA,30165,11,338,2026
16055924,Triple R Consultants,bob@triple-r.us,248-446-8125,South Lyon,MI,48178,157,2964,2026
16057463,GETFUNDED,john.egan@getfunded.net,480-473-5785,Scottsdale,AZ,85255,268,4791,2026
16060500,Federal Program Consulting Inc,jim@federalprogramconsulting.com,386-405-3979,New Smyrna Beach,FL,32169,70,173,2026
16060507,"EdTechnologyFunds, Inc.",bsutherland@edtechnologyfunds.com,626-296-6284,90230,CA,90230,110,1047,2026
16060517,E-Rate Consultants LLC,support@e-rateconsultants.com,800-870-2451,Pleasanton,CA,94588,2,18,2025
16060634,Allen & Allen Consulting LLC,karen@eratespecialists.com,404-312-8806,Gainesville,GA,30506,49,1142,2026
16060670,E-Rate Advantage,rjs@erateadvantage.com,908-303-9217,Annandale,NJ,08801,801,14046,2026
16060750,Ed Tech Consulting,todd.williams@ed-techconsulting.com,678-773-6921,Lake Spivey,GA,30236,17,448,2026
16060753,"Tech Ed Services, Inc",cindy@techedservicesinc.com,800-832-4411,Westlake Village,CA,91361,17,51,2025
16060891,E-Rate Central,info@e-ratecentral.com,516-801-7800,Westbury,NY,11590,1056,16292,2026
16060898,E-Rate Partners LLC,jessica.nilsen@eratepartners.com,315-254-2022,Cicero,NY,13039,158,3393,2026
16060902,E-Rate Services LLC,erate@erateservices.com,919-353-1723,Sanford,NC,27330,77,1446,2026
16061787,Allen J. Curtis,acurtis@eratenewengland.net,207-685-3257,Readfield,ME,04355,54,692,2026
16061788,Amanda Sale,amandasale@cox.net,225-505-8700,Gainesville,FL,32608,44,322,2026
16061978,ETECHCO INC,rickvansickle@gmail.com,719-216-2012,Santa Fe,NM,87501,147,2767,2026
16061983,TEXAS EDUCATIONAL CONSULTATIVE SERVICES TECS,esinclair@tecslink.com,512-739-4472,AUSTIN,TX,78760,15,209,2025
16061990,NEW ENGLAND SYSTEMS & SOFTWARE INC,info@nessnetworks.com,518-377-4057,LAKE GEORGE,NY,,2,23,2026
16061991,MONDAVI DESIGN,dclark@mondavi-design.com,585-594-5888,Mendon,NY,14506,187,3354,2025
16061993,EdOps,dan@ed-ops.com,202-352-7878,Washington,DC,20009,31,461,2026
16061996,AdvanEdge Solutions Inc. / Intelafunds,eratesupport@advanedgesolutions.com,412-668-0785,Canonsburg,PA,15317,123,3214,2026
16062002,Southeast Kansas Education Service Center,denise.grasso@greenbush.org,620-724-6281,Girard,KS,66743,76,2351,2026
16062012,JEG CONSULTING,jim@jegconsult.com,530-403-7387,OROVILLE,CA,95966,21,533,2026
16062017,"GRANT CONSULTING SERVICES, LLC",valerie@grantconsultingservices.com,760-237-8327,Vista,CA,92083,51,247,2026
16062020,COKER CONSULTING,cokermeg@gmail.com,518-265-9019,GLENS FALLS,NY,12801,1,16,2023
16062022,TELETECH ASSOCIATES INC,john@teletechassociates.com,516-868-5600,Rhinebeck,NY,12572,176,2424,2026
16062027,"Scaletta Consulting, LLC",lpscaletta@gmail.com,708-373-8914,Saint John,IN,46373,15,279,2025
16062029,NORTHEAST COLORADO BOCES,lthompson@neboces.org,970-521-2771,HAXTUN,CO,80731,11,122,2025
16062031,EDUCATIONAL SERVICE UNIT NO 11,erate@esu11.org,308-995-6585,HOLDREGE,NE,68949,14,1978,2026
16062044,OHIO E-RATE SERVICES,ohioerateservices@gmail.org,614-736-9687,Gahanna,OH,43230,40,478,2026
16062047,My Angel Grant LLC,MyAngelGrant@live.com,480-221-5726,Phoenix,AZ,85024,9,118,2023
16062048,ESC Region 12 E-Rate Consulting,thouseholder@esc12.net,254-297-2911,Waco,TX,76712,365,1952,2026
16062050,Telecomp Solutions,lleugers@telecompsolutions.com,231-778-0174,TRAVERSE CITY,MI,49685,61,585,2026
16062054,INTERMOUNTAIN ESD,erate@imesd.k12.or.us,541-966-3221,PENDLETON,OR,97801,106,2489,2026
16062109,International Computer Corporation,kpulliam@icc-psd.com,505-269-6463,Santa Fe,NM,87505,66,1508,2026
16062110,Jacobs E-Rate Consulting LLC,pamp157762@aol.com,515-975-0071,Scotch Grove,IA,52310,2,47,2026
16062111,Morrow & Morrow Inc,,706-636-4283,Ellijay,GA,30536,17,419,2026
16062128,E-Rate Consulting LLC,richard@erateconsulting.org,516-642-9286,Woodmere,NY,11598,165,2162,2026
16062141,GLENN  HERVIEUX,ghervieux@gmail.com,903-752-8616,Flint,TX,75762,20,2,2026
16062162,E-Rate Connection,richard.kevern@e-rateconnection.com,330-686-2061,Munroe Falls,OH,44262,87,1991,2026
16062164,Mark Guyer,guyermark@gmail.com,330-837-4138,Massillon,OH,44646,1,9,2020
16062187,Richard Bandlow,bandlowr@evart.k12.mi.us,231-734-3173,Evart,MI,49631,1,22,2026
16062188,WGS Consulting,wgs003@gmail.com,614-989-5399,New Albany,OH,43054,3,76,2025
16062194,"Blue Maple Holdings, Inc",darsey@prof-sol.com,317-663-4766,Westfield,IN,46074,1,28,2024
16062211,Cathy Morton,cathycmorton@gmail.com,806-792-0540,Lubbock,TX,79413,94,2155,2026
16062215,Jack Sterling,jacks@nemont.net,406-259-5399,Billings,MT,59105,118,1178,2026
16062217,Janice Russell,jrussell@traceroad.net,662-256-6575,Greenwood Springs,MS,38848,4,76,2026
16062227,"Dakota Academic Consulting, Inc.",bonnie@dacinc.com,605-977-4648,Sioux Falls,SD,57101,239,2079,2026
16062228,John Hubley,Jhubley0032@msn.com,406-251-0032,Missoula,MT,59803,67,884,2025
16062262,Erate Pros,michaelslucas@yahoo.com,713-962-8107,Houston,TX,77280,61,1058,2026
16062265,E-Rate Professional$.com,ddietrich@e-rateprofessionals.com,314-378-1667,Ballwin,MO,63021,31,689,2026
16062270,Kraig-X-Skape Educational Consulting,bkraig@tds.net,360-358-8359,Shelton,WA,98584,12,92,2026
16062272,Swope Educational Consulting,swopels@charter.net,731-431-0712,Jackson,TN,38305,29,971,2026
16062336,Gina Conley,ginaerate@gmail.com,510-566-8446,San Jose,CA,95127,4,75,2026
16062339,"Education Innovations, LLC",sdowdy@verizon.net,214-455-6295,Wylie,TX,75098,25,232,2026
16062343,Lanier Consulting and Technology  Services,rlanier@stx.rr.com,956-645-7195,Laredo,TX,78045,8,92,2026
16062344,Educational Service District No. 123,techies@esd123.org,509-547-8441,Pasco,WA,99301,25,59,2026
16062345,Willamette ESD,,503-385-4856,Salem,OR,97302,47,709,2026
16062349,Patricia D. McCaffrey,patricia_mccaffrey@cfl.rr.com,407-339-3637,Altamonte Springs,FL,32701,1,2,2017
16062353,RDV Consulting Services,rick.delvalle@yahoo.com,510-457-5436,Hallandale Beach,FL,33009,20,240,2026
16062354,Anthony Terceira,tony.terceira@gmail.com,401-935-4068,Scituate,RI,02857,22,556,2026
16062356,Technology Prescriptive Inc,mcpearson@cox.net,817-522-2751,Fort Worth,TX,76112,1,6,2017
16062367,Crystal Works,crystalworks@crystalworksgets.com,704-430-7591,Charlotte,NC,28277,28,114,2026
16062372,EDUCATIONAL SERVICE UNIT 10,erate@esu10.org,308-237-5927,KEARNEY,NE,68848,49,3309,2026
16062375,Carol Sonon,cson222@aol.com,610-776-7743,Allentown,PA,18103,9,59,2020
16062392,"MATLOCK SERVICES, LLC",matlockwm@windstream.net,404-697-6598,CLARKSVILLE,GA,30523,2,148,2025
16062394,PEGGY YORK,peggy@centex.net,325-938-9868,GOLDTHWAITE,TX,76844,20,289,2025
16062405,Lincoln Intermediate Unit 12 - Erate Consulting Services,erate@iu12.org,717-624-6511,New Oxford,PA,17350,33,562,2026
16062408,"E-RATE AND EDUCATIONAL SERVICES, LLC.",shirley.bauer.edd@gmail.com,605-348-3302,RAPID CITY,SD,57702,99,1004,2026
16062414,Mesa Internetworking eDesign and Project Mnagement Services LLC,pjosenhans@comcast.net,708-539-3223,Peoria,AZ,85383,2,40,2026
16062431,Claborn Services LLC,kathe@clabornservices.com,580-695-6928,Apache,OK,73006,32,657,2026
16062433,Michael Anderson,anderson@smbsd.net,385-439-7450,Syracuse,UT,84075,17,349,2026
16062434,SHERYL S. MYERS,myers.sheryl@gmail.com,603-801-5437,NASHUA,NH,03062,1,32,2025
16062435,SWWC Service Cooperative E-Rate Consulting,josh.sumption.erate@swwc.org,507-537-2240,Marshall,MN,56258,60,209,2026
16062438,Anita Hudgins,ahudgins@ocic.k12.ok.us,918-885-2667,Hominy,OK,74035,6,88,2025
16062448,RICK GILDEZ - NetMedic,rick@netmedicllc.com,661-301-2512,BAKERSFIELD,CA,93306,6,13,2026
16062454,"INFINITE CONNECTIONS, INC.",jkratochvil@infiniteconnect.net,773-412-9072,CHICAGO,IL,60622,83,2078,2026
16062455,JR FUNDING SUPPORT SERVICES,jrien1016@aol.com,330-701-7696,Myrtle Beach,SC,29588,30,814,2026
16062456,MILLENNIUM CONSULTING SERVICE,apearson@mconsult.us,662-315-8608,Meridian,MS,39305,16,138,2026
16062496,Judy Bright,erategal@gmail.com,906-864-2712,Wallace,MI,49893,6,70,2019
16062519,South Central Kansas Education Service Center,tbohannon@sckesc.org,620-584-3300,Clearwater,KS,67026,40,1489,2026
16062522,COLLECT-ED LLC,collect-ed@hotmail.com,405-830-2200,Mustang,OK,73064,68,1807,2026
16062554,Erate Compliance,info@eratecompliance.com,917-374-6505,Plainview,NY,11803,42,971,2025
16062577,ELLEN YATES,,972-816-7484,Carrollton,TX,75007,1,4,2016
16062583,Intermediate Unit One,kristin.vanstrien@iu1.org,724-938-3241,Coal Center,PA,15423,40,955,2026
16062586,"Van Strien Consulting, LLC",kristin@vanstrien.net,724-986-3260,Rostraver Township,PA,15012,47,662,2026
16062588,"Roger Powell Consulting, LLC",roger@powellconsult.com,951-323-8829,Carlsbad,CA,92011,4,84,2025
16062590,Southwest Plains Regional Service Center,traci.taylor@swplains.org,620-675-8804,Sublette,KS,67877,45,523,2026
16062593,CESA 9,mdailey@cesa9.org,715-453-2141,TOMAHAWK,WI,54487,39,1032,2026
16062614,CAROL HOLZBERG,cholzberg@gmail.com,413-772-1322,SHUTESBURY,MA,01072,1,14,2019
16062621,AARRESTAD-GJERVIK CONSULTING,rich@aagjconsulting.com,707-228-9357,SANTA ROSA,CA,95409,89,1348,2026
16062632,Chambers Advisory Group,erate@chambersadvisory.com,800-228-1062,Florence,MA,01062,23,269,2026
16062642,E. F. Holtz Company,ellen_holtz@hotmail.com,610-867-0399,Bethlehem,PA,18017,15,207,2025
16062643,C. Christopher Parke Consulting,CCParke@live.com,985-634-1568,Hammond,LA,70403,1,18,2022
16062644,Cooperative Educational Service Agency 12,,715-682-2363,Ashland,WI,54806,16,624,2026
16062645,Fazil Bhimani,fazilb@aol.com,612-578-2707,Northfield,IL,60093,133,774,2026
16062646,schooley mitchell,greg@hwc-consultants.com,415-692-0708,San Francisco,CA,94117,64,513,2026
16062647,E-Rate Support Services,david@eratesupportservices.com,206-856-7349,Spokane,WA,99220,42,296,2026
16062654,MICHAEL FOSTER,drmikefoster@gmail.com,609-231-9400,OCEAN CITY,NJ,08226,2,40,2026
16062657,"ARROWHEAD REGIONAL COMPUTING CONSORTIUM, RMIC REGION II",cindylee@arcc.org,218-723-1700,HERMANTOWN,MN,55811,36,272,2026
16062691,BLaST Intermediate Unit 17,smcnettconsult@iu17.org,570-673-6001,Williamsport,PA,17701,10,148,2026
16062692,ESSDACK,briandater@essdack.org,620-663-9566,Hutchinson,KS,67501,49,873,2026
16062696,REGION III EDUCATION SERVICE CENTER- BUSINESS ADMINISTRATION,tpompa@esc3.net,361-573-0731,VICTORIA,TX,77904,31,6,2026
16062713,"EDTECH STRATEGIES, LLC",ajohnson@edtechstrategies.net,202-352-5364,Alexandria,VA,22304,25,8,2026
16062722,John Allen McDaniel,jmcdaniel9@tx.rr.com,972-948-6853,Silver Spring,MD,20906,4,82,2025
16062760,Dutchess BOCES,julann.troiano@dcboces.org,845-486-4800,Poughkeepsie,NY,12601,44,826,2026
16062788,Resource Renewal Project,baltman@colemangroupconsulitng.com,312-850-4134,CHICAGO,IL,60606,38,2411,2026
16062803,"Nonprofit Financial Group, Inc.",rschoy@non-profitfinancial.com,412-818-8113,North Huntingdon,PA,15642,4,59,2025
16062805,RC Hawaii Ltd.,rchawaii@mindspring.com,585-385-1474,Pittsford,NY,14534,3,59,2025
16062823,ROSEMARY WHITTEN,rwhitten@eastex.net,903-863-2108,LANEVILLE,TX,75667,1,34,2025
16062829,SKOGEN EDUCATIONAL SERVICES CONSULTANT,David.Skogen@ndsu.edu,218-330-3116,Brainerd,MN,56401,5,108,2025
16062831,BART A SKIDMORE CPA INC.,skidmoreba@gmail.com,303-365-1696,DENVER,CO,80210,14,236,2025
16062835,"NJ Association of Mental Health and Addiction Agencies, Inc.",jnoto@njamhaa.org,609-838-5488,Mercerville,NJ,08619,5,38,2017
16062851,Jim Ross,jrosscpa01@gmail.com,757-287-3459,Virginia Beach,VA,23454,5,55,2021
16062882,QuinteSystems_Inc.,dennis@QuinteSystems.com,262-645-5400,Punta Gorda,FL,33950,25,534,2026
16062911,Bruce Cerra CPA,sbjccerra@yahoo.com,862-377-8499,West Orange,NJ,07052,2,76,2025
16062923,Federal Funds Assistant,fedfundsassistant@yahoo.com,563-503-9564,Camanche,IA,52730,62,1249,2026
16062944,Garber Consulting Group LLC,melissa@garbercg.com,518-588-5575,Latham,NY,12110,140,999,2026
16062967,AJD Consulting Services,4jdare@gmail.com,618-927-4408,Benton,IL,62812,247,5089,2026
16062980,Marlin Gutzmer,Marlin.gutzmer@sequelyouthservices.com,712-542-7058,Clarinda,IA,51632,1,6,2017
16062984,Janie Livas,jlivas9@gmail.com,956-330-5089,Edinburg,TX,78542,1,35,2026
16062991,Southeast Regional Resource Center (SERRC),erate@serrc.org,907-349-0651,ANCHORAGE,AK,99501,27,21,2026
16062994,"JAMES S. FOGARTY, PH.D CONSULTING LLC",jsfogarty@comcast.net,570-345-3645,SCHUYLKILL HAVEN,PA,17972,1,27,2020
16063049,John G. Mitchell Consulting,jgmconsultingjm@gmail.com,206-252-0426,Seattle,WA,98121,2,412,2025
16063093,Midwestern Intermediate Unit IV,maryann.holfelder@miu4.org,724-458-6700,Grove City,PA,16127,13,232,2026
16063094,"Krishan Consultancy Services, LLC",m_krishnamachari@yahoo.com,480-775-7256,Tempe,AZ,85283,5,158,2026
16063099,South Coast ESD Region 7 - Consulting,brandiem@scesd.k12.or.us,541-266-4046,Coos Bay,OR,97420,7,113,2026
16063157,INTERNATIONAL CONSULTING GROUP,icgroup2011@gmail.com,248-890-3074,WEST BLOOMFIELD,MI,48322,1,40,2025
16063166,EDUCATIONAL SERVICE UNIT NO. 13,erate@esu13.org,308-635-3696,SCOTTSBLUFF,NE,69361,22,1,2026
16063170,KAREN MOODY,kmoody@bham.lib.al.us,205-919-6878,Remlap,AL,35133,26,77,2020
16063206,TIM HANNON,thannon@archkckcs.org,913-262-1148,SHAWNEE MISSION,KS,66202,11,180,2026
16063207,ConnectED Consulting Services LLC,ewilliams@getconnect-ed.com,312-733-7995,Chicago,IL,60607,12,264,2026
16063266,Telcom Solutions Inc.,david@telcomsol.net,505-238-2900,Albuquerque,NM,87111,1,12,2020
16063494,Educational Technology & Networking Consultant,rsachlis@covington.k12.va.us,540-241-2553,Waynesboro,VA,22980,1,26,2021
16063521,"Wynndalco Enterprises, LLC",erate@wynndalco.com,312-256-9090,Chicago,IL,60611,1,6,2016
16063584,"Pathway Solutions, LLC",jduncan@pathwaysolns.com,713-416-3352,League City,TX,77573,3,48,2022
16063586,Brent Edwards,erateshop@gmail.com,208-404-1270,Shoshone,ID,83352,57,995,2026
16063639,Avant Services,bavant99@gmail.com,512-517-3314,Austin,TX,78737,4,124,2025
16063640,"Quinn e-Solutions, LLC",jbeem@quinnesolutions.com,877-748-3447,Bel Air,MD,21014,67,372,2026
16063743,OReilly-Consulting,dan@oreilly-consulting.com,218-831-3197,Brainerd,MN,56401,1,6,2018
16063748,Stan Wykosky,stanwykosky@rcn.com,610-954-9985,Bethlehem,PA,18015,149,2505,2026
16063809,Terence Pringle,terence@pringleconsulting.org,623-322-1905,Peoria,AZ,85345,7,16,2025
16063863,Paul Le,erate@charterschoolincubator.org,347-772-8553,Benicia,CA,94510,15,110,2025
16063924,"BAZ Group, Inc.",svandyke@thebazgroup.com,419-531-7727,Toledo,OH,43615,3,120,2026
16063950,CMERDC,,320-202-0992,St. Cloud,MN,56304,2,32,2025
16065090,Tuscarora Intermediate Unit 11,dpconsultant@tiu11.org,814-542-2501,McVeytown,PA,17051,11,184,2025
16065303,Executive ERate Consulting,granrega@digis.net,435-512-1306,Hyde Park,UT,84318,2,34,2025
16065304,ATG,erate@adtechgroup.com,530-632-7384,Yuba City,CA,95993,62,2064,2026
16065626,Wayne Hay,wayne.hay@gmail.com,845-240-8165,Poughkeepsie,NY,,1,14,2019
16065638,Montgomery County Intermediate Unit,jkrail@mciu.org,610-755-9400,Norristown,PA,19401,18,444,2026
16065775,Edit Tech Support,matt@meetedit.com,212-786-7930,Plainview,NY,11803,16,151,2025
16065884,E-Rate First,jpillo@eratefirst.com,203-306-1722,Milford,CT,06460,119,2887,2025
16065998,Berks County Intermediate Unit,consulting@berksiu.org,610-987-8482,Reading,PA,19605,16,185,2026
16066212,THERESA MARIA M. TUAZON BRYANT,theresabryant_educator@yahoo.com,718-544-2021,East Elmhurst,NY,11369,2,63,2025
16066397,GOLD CONSULTING TEAM,info@goldconsultingteam.com,845-694-4941,MONSEY,NY,10952,290,1423,2025
16066399,GARY CUMMINS,gcummins@cableone.net,928-848-6217,BAGDAD,AZ,86321,2,5,2017
16066469,"PROJECT CONSULTING ADJUNCT STAFF 4 EDUCATION, INC.",bonnie@pcas4e.com,661-586-1090,DELANO,CA,93216,6,392,2025
16066478,Phillip D Seager,phillipseager46@gmail.com,435-749-4771,Fairview,UT,84629,4,19,2026
16066485,Wendy Willeford,wwerate@yahoo.com,281-450-5078,Houston,TX,77057,2,47,2020
16066993,"Let Me Help You With That, LLC",kiely@mchsi.com,319-430-8358,Coralville,IA,52241,41,837,2026
16067242,Julie Milner,milnerjulie@yahoo.com,816-914-3703,Jersey City,NJ,07310,2,44,2024
16067251,ERATE911,erate@erate911.com,419-631-1618,Lexington,OH,44904,6,222,2026
16067255,Gray Prewitt,gpconsulting@gmx.com,877-503-1975,Long Beach,CA,90815,5,168,2025
16067374,GV/WFL Educational Technology Service,Ethan.hamlin@edutech.org,315-332-7401,Newark,NY,14513,59,97,2026
16067381,"Education Service Center, Region 2",,361-561-8400,Corpus Christi,TX,78401,30,861,2026
16067743,Complete Technology Solutions LLC,mfraley@completetechaz.com,480-390-3085,Gilbert,AZ,85295,21,449,2026
16067745,"Rogue Valley Accounting, LLC",tracy@roguevalleyaccounting.com,541-531-5842,Talent,OR,97540,1,23,2025
16068591,CliftonLarsonAllen,courtney.cress@claconnect.com,813-384-2780,Tampa,FL,33607,5,123,2026
16069228,Northern Indiana Educational Service Center,erate@niesc.k12.in.us,574-254-0111,Mishawaka,IN,46545,13,384,2026
16070582,Moshe Schwartz,msch@thejnet.com,845-781-0884,Monroe,NY,10950,1,22,2017
16070845,Emily Morgan,emily.equitynow@gmail.com,908-343-5070,Scotch Plains,NJ,07076,1,13,2019
16070846,E-Rate Funding Solutions LLC,esf1@att.net,314-565-2988,East Alton,IL,62024,163,3449,2026
16070996,Dave Berg,dberg918@mediacombb.net,309-721-4487,Geneseo,IL,61254,6,131,2026
16071123,Educational Professional Services,travis@eratesupport.org,318-447-8888,Hessmer,LA,71341,139,36,2026
16071142,David Sonderegger,DWSONDE@COMCAST.NET,831-261-8197,Salinas,CA,93908,10,413,2026
16071150,Dotty Gonsalves,dgonsalves@csdo.org,510-828-2218,Hayward,CA,94541,7,139,2026
16071169,"INTECH, LLC",philip.hyjek@gmail.com,802-223-0521,Middlesex,VT,05602,1,60,2025
16071205,Janet Brophy,brophyjl@yahoo.com,970-630-1111,Haxtun,CO,80731,1,6,2023
16071258,American e-Rate Solutions,jstone@aeserate.com,253-271-9653,Olympia,WA,98506,60,262,2026
16071477,Alton Graham,alton.graham@gmail.com,347-203-2751,Piscataway,NJ,08854,6,103,2025
16071545,Merced County Office of Education,erate@mcoe.org,209-381-6725,Merced,CA,95341,16,1309,2026
16071594,JM Technology Services,eratedms@bacavalley.com,575-643-6462,Folsom,NM,88419,2,36,2025
16071613,Sigma Systems Group,administrator@sigmasystemsgroup.com,914-980-5173,New York,NY,10031,1,4,2016
16071686,David Goldsmith,david.goldsmith@outlook.com,559-904-3552,Visalia,CA,93291,13,61,2026
16071819,Yavapai County Educational Service Agency,frank.vanderhorst@yavapaiaz.gov,928-499-8421,Prescott,AZ,86301,173,134,2026
16071960,E-Stream Technology Solutions,erate@estreamtech.com,415-531-6480,Petaluma,CA,94975,76,773,2026
16072121,Jill Elfering,jillelfering.erate@gmail.com,612-758-0277,Richfield,MN,55423,22,489,2026
16072253,"Nicole Radoumis & Associates, LLC",Nicole@Radoumis.com,310-780-4177,Agoura Hills,CA,91301,24,127,2026
16072341,Lite the Nite Technologies LLC,steve.smith@ltntechnologies.com,606-547-8363,Flatwoods,KY,41139,6,140,2025
16072572,Edward Keyes,elkeyes@gmail.com,513-532-1063,Cincinnati,OH,45255,3,28,2025
16072666,Thomas H Rambacher,rierater@gmail.com,401-710-9799,Pascoag,RI,02859,2,45,2025
16072737,Shared Service Solutions LLC,todd@sharedservicesolutions.net,248-321-5212,Rochester,MI,48308,2,80,2025
16073036,Jaime Serrano,jaimeserrano@charter.net,818-795-8272,Burbank,CA,91510,3,37,2026
16073083,ClientFirst Technology Consulting,mstruwing@clientfirstcg.com,951-739-7989,Corona,CA,92879,43,658,2026
16073887,Debbie Dempsay,debbie.dempsay@bookerisd.net,806-658-4501,Booker,TX,79005,2,6,2025
16074910,Joseph Kreta,jkreta.erate@kreta-erate.com,848-702-0313,Columbia,SC,29202,70,500,2026
16074958,Saperde LLC,inquiries@saperde.com,888-531-6772,Swarthmore,PA,19081,13,234,2025
16075085,Ken Harris,ken@wdita.com,619-857-3278,Del Mar,CA,92014,2,36,2025
16075124,Jennifer Miller,jdmiller@k12.wv.us,304-586-0500,Winfield,WV,25213,5,86,2025
16075152,"SHER Consulting, Llc",smartinez@sherconsultingllc.net,602-321-5505,Chandler,AZ,85224,5,11,2025
16075308,ESC Region 14,sara.crow@esc14.net,325-675-8638,Abilene,TX,79601,51,1075,2026
16075381,Montana Association of School Business Officials,mroach@masbo.com,406-461-8804,Helena,MT,59601,8,187,2026
16075391,KMM Consulting,keithminkin@att.net,216-323-4611,South Euclid,OH,44118,9,142,2025
16075503,Generex Consulting,tammy@generexconsulting.com,574-329-5357,Osceola,IN,46561,6,183,2026
16075523,Edgewater IT,edgewaterit@gmail.com,928-640-3879,Tuba City,AZ,86045,12,166,2026
16075693,"Optimal Communications Group, LLC",rawelsh@comcast.net,303-797-8557,Centennial,CO,80122,3,56,2019
16075832,Education Plus,lorrie.germann@gmail.com,740-253-1153,Cincinnati,OH,45208,193,1859,2026
16076351,Small Business Tech Solutions,soren@smallbusinesstech.net,623-262-6169,Wickenburg,AZ,85390,3,52,2025
16076381,Chani Rosenzveig,chani.rosenzveig@hasc.net,718-686-5918,Elmsford,NY,10523,2,26,2025
16076555,Loretta A. Santos,pamet50@comcast.net,508-237-9538,Provincetown,MA,02657,1,34,2025
16076735,Charles Hudson,chudson@catc.net,501-844-1503,Donaldson,AR,71941,1,8,2016
16076737,Brian Tomlinson,huk8@hotmail.com,609-513-6840,Egg Harbor Township,NJ,08234,8,311,2026
16077768,"Telephony Technology Consulting, LLC",shanlon@psi-net.com,909-910-3484,Norco,CA,92860,1,8,2019
16079369,"JFW Consulting, LLC",dwebster@jfwconsultingllc.com,601-624-3955,Madison,MS,39110,1,38,2025
16079377,First Class Erate Consulting LLC,jfeilen@fcerate.com,928-533-5034,Prescott Valley,AZ,86314,1,4,2017
16079421,Melissa T. Scalzo Consulting LLC,mtscalzo@mac.com,419-360-3023,Toledo,OH,43623,10,13,2026
16079485,"James R. Beeghley, Ed.D.",jim@jimbeeghley.com,717-467-1863,Mechanicsburg,PA,17055,1,21,2025
16079632,True North Consulting Group,Daniel.kronke@tncg.com,254-307-1833,Hewitt,TX,76643,16,1,2026
16079681,Karen Candler,kcandler@bellsouth.net,404-219-7793,Suwanee,GA,30024,1,16,2025
16079721,Erie 1 BOCES E-Rate Consultants,e-rate@e1b.org,716-821-7051,West Seneca,NY,14224,96,99,2026
16079806,"MJE ERATE Services, LLC",dfarrington@greenfield.k12.mo.us,417-637-5666,S. Greenfield,MO,65752,1,16,2018
16079808,Jim Breslin,erateprogramservice@gmail.com,610-608-0072,Havertown,PA,19083,22,543,2026
16079874,Darrell Hatfield,darrell@erateservice.org,918-760-9950,Owasso,OK,74055,3,66,2025
16079875,EdTech Logistics LLC,pauljkarlin@outlook.com,216-926-5997,Vancouver,WA,98686,57,1811,2026
16079893,E-Rate Advisors Inc.,rachel@erateadvisors.com,530-356-1060,Long Beach,MS,39560,92,739,2026
16080167,"K12 Funds, LLC",kris@k12funds.com,313-451-2338,Jonesboro,AR,72401,8,182,2025
16080342,"Lakeside Consulting Services, LLC",LakesideConsulting@comcast.net,302-335-1219,Frederica,DE,19946,1,11,2021
16080395,Comtrek Inc,vcomtrek@gmail.com,603-313-2655,Hershey,PA,17033,2,22,2022
16081019,Bayouland Computer Solutions,annie@bayoulandcs.com,337-422-4850,Abbeville,LA,70510,3,26,2022
16081021,Region 1 & 2 NW Service Cooperative,bnelson@nw-service.k12.mn.us,218-681-0900,Thief River Falls,MN,56701,1,6,2019
16081353,John Jones - Efibernet Inc,johnjones@efibernet.org,256-924-5715,Huntsville,AL,35808,11,48,2025
16081505,OCM BOCES / CNYRIC,kwojslaw2@CNYRIC.ORG,315-433-8378,Syracuse,NY,13211,48,69,2026
16081692,"Rollins & Sumrall Education Group, Inc.",millie@regroupms.com,662-630-0118,Columbus,MS,39701,74,642,2026
16081740,"Educational Planners, Inc.",martha.labbit@suddenlink.net,936-560-4162,Nacogdoches,TX,75965,10,267,2026
16082145,Loretta Cannistraci,eratesubmissions@gmail.com,781-775-2534,Saugus,MA,01906,2,62,2026
16082378,Mecheal Dickerson,mecheal_dickerson@yahoo.com,936-275-4143,SAN AUGUSTINE,TX,75972,3,88,2025
16082435,PAUL CLARK,systemslibrarian@gmail.com,850-544-0790,Tallahassee,FL,,1,19,2025
16082678,Patrick Kangethe,pkangethe@mytechneeds.com,508-410-7918,Worcester,MA,01603,1,8,2019
16082747,"E-Rate Funding Services, LLC",drgornstein@gmail.com,973-714-3724,OFallon,IL,62269,95,310,2026
16083711,Keragus Solutions LLC,charlotte@keragus.com,361-241-4800,Corpus Christi,TX,78426,1,2,2020
16085263,Espy Services,rl@espyservices.com,812-277-1499,Bedford,IN,47421,4,9,2025
17000005,IP Enterprises,erate.inna@gmail.com,916-834-7771,Sacramento,CA,95834,2,67,2026
17000013,Diocesan Advocates,johnjohnston@diocesanadvocates.com,713-254-9655,Houston,TX,77027,135,1935,2026
17000014,ESU 5 Erate Services,natalie.brauer@esu5.org,402-223-5277,Beatrice,NE,68310,64,4093,2026
17000019,"Modern Erate, LLC",porzrw@aol.com,314-341-9303,St. Charles,MO,63303,6,153,2026
17000083,"E-Rate Program Management, LLC",njjrwj@midrivers.com,406-934-6668,Miles City,MT,59301,220,3278,2026
17000231,Fred Norman,fnorman@mo-k12.org,660-281-1116,Tipton,MO,65081,42,787,2026
17000235,Charter Tech Services,andrew@chartertechservices.com,888-720-0156,San Diego,CA,92110,6,87,2026
17000269,CESA #11,erate@cesa11.k12.wi.us,715-986-2020,Turtle Lake,WI,54889,54,711,2026
17000295,Texserve,debra.gilliland@texserve.com,214-944-4551,Dallas,TX,75228,5,27,2019
17000368,Elaine Gutzmer,edgutzmer@windstream.net,712-542-4071,Clarinda,IA,51632,1,2,2020
17000414,Northwest Council for Computer Education (NCCE),ncce@ncce.org,208-292-2529,Coeur d’Alene,ID,83814,60,1729,2026
17000490,"Basic Production Services, Ltd.",rbay92348@gmail.com,636-235-1863,Beaufort,MO,63013,9,102,2026
17000496,Advocate Partnership Providers,stephenjhaser@gmail.com,847-732-6679,Grayslake,IL,60030,1,15,2024
17000523,Sestito Technology Consultants LLC,bsestito@hotmail.com,540-894-7252,Louisa,VA,23093,9,399,2024
17000530,"FABReporting Solutions, LLC",fairways818@aol.com,412-551-6944,Coraopolis,PA,15108,1,34,2025
17000578,"NGBE Consulting, LLC",erate@neergbob.com,614-398-0101,Marysville,OH,43040,3,6,2025
17000635,Ricardo Gonzalez,gonzo361@outlook.com,361-563-8101,Kingsville,TX,78363,1,28,2025
17000675,Jeff Mahaffa,Jeff@amplifythefuture.com,847-278-7553,Schaumburg,IL,60173,2,11,2016
17000700,Tom O'Callahan,teoc@outlook.com,206-232-4048,Seattle,WA,98104,56,681,2026
17001273,Educational Service Unit 2,erate@esu2.org,402-721-7710,Fremont,NE,68026,36,2108,2026
17001358,Horizon Information Services,lmiller@horizonis.com,412-487-7071,Glenshaw,PA,15116,2,16,2025
17001359,Regional Educational Cooperative #6,cparr@rec6.net,575-714-7277,Portales,NM,88130,6,54,2019
17001389,Viva Consulting Group,vivagrouppr@gmail.com,787-434-1069,Cayey,PR,00737,6,169,2026
17001426,Upshur County Public Library - Service Center Library,erate@upshur.wvlibrary.info,304-473-4219,Buckhannon,WV,26201,14,16,2026
17001438,BIA Erate Team,margo.ragan@bia.gov,505-328-3675,Reston,VA,20190,99,13,2026
17001521,"Alaska Education & Business Services, Inc.",lucienne.smith@akebs.com,907-317-7350,Palmer,AK,99645,3,6,2021
17001566,Carol Mayo,cmayo@cathdal.org,214-379-2827,Dallas,TX,75219,34,811,2026
17001640,Obion Region,eratekmcbride@gmail.com,731-364-4597,Martin,TN,38237,19,128,2026
17001967,Mary Gurney,mgurneyerate@gmail.com,402-760-2791,Omaha,NE,68154,18,640,2026
17002181,Oklahoma Department of Libraries,rachel.walker@libraries.ok.gov,405-522-5591,Oklahoma City,OK,73105,95,234,2026
17002253,Tatonka Education Services,erate@tatonkaeducation.org,303-296-6500,Lone Tree,CO,80124,9,85,2026
17002301,Mono County Office of Education,erate@monocoe.org,760-934-0031,Bridgeport,CA,93517,3,45,2025
17002356,Valerie Oliver,Valerie.oliver@alaska.gov,907-227-4051,"Anchorage,",AK,99515,73,1220,2026
17002776,"AZT2 IT Consulting Services, LLC",ataguri51@gmail.com,863-537-0440,Lake Wales,FL,33830,4,109,2026
17002898,Toby Wolner,tobywolner@gmail.com,718-774-8600,Brooklyn,NY,11204,12,92,2020
17002951,LESLEY MUKORO,lmukoro@data-smartllc.com,601-664-8993,Brandon,MS,39047,4,36,2026
17003165,"DAVTEUT, LLC",davteut@comcast.net,541-543-4115,Eugene,OR,97405,7,144,2026
17003206,State of Delaware E-Rate Coordination,stateeratecoordinator@state.de.us,973-200-4815,Dover,DE,19904,45,375,2025
17003232,Next Generation Technologies,Fredrick.Johnson@ngtnet.net,641-562-2226,Buffalo Center,IA,50424,7,82,2025
17003454,University of Utah – Utah Education Network,sabrina.scott@uen.org,801-581-3019,Salt Lake City,UT,84112,1,14,2025
17003585,CLIU #21 Consortium CRN,eratecrn@cliu.org,610-769-1010,Schnecksville,PA,18078,19,769,2026
17003634,Margie-Jo Miller,margie.jo.miller@me.com,724-888-7825,Aliquippa,PA,15001,2,12,2025
17003981,Accel Schools,aboudreaux@accelschools.com,404-886-1840,Wilmington,DE,19803,97,1128,2025
17004158,Livermore Technologies LLC,frank.livermore@livermoretechologies.com,920-636-8641,Kaukauna,WI,54130,1,10,2017
17004253,CTC Technology & Energy,erate@ctcnet.us,301-933-1488,Kensington,MD,20895,37,486,2026
17004578,CAIU,erateconsultant@caiu.org,717-732-8402,Enola,PA,17025,15,209,2026
17004648,DeQueen Mena ESC Consulting,dmesc.consultant@dmesc.org,870-386-2251,Gillham,AR,71841,1,6,2017
17004666,Utilityhelp Inc,patti.ogden@utilityhelp.org,888-704-3330,Pocahontas,AR,72455,3,90,2025
17004673,KM Consulting,Jessica@kmconsult.org,801-597-4131,Riverton,UT,84096,25,71,2025
17004703,Genevieve L. Carvil-Harris,gcarvil77@gmail.com,786-426-5840,Miami Gardens,FL,33169,1,2,2016
17004810,Jim White,jwhiteinak@gmail.com,907-283-3774,Kenai,AK,99611,1,24,2021
17005196,SCCOE Consultant,steven_mitome@sccoe.org,408-453-6897,San Jose,CA,95131,8,154,2025
17005203,WILLIAM D NEWSTED LLC,bill@erate.newsted.net,419-353-3656,BOWLING GREEN,OH,43402,16,387,2026
17005397,Jason Mayo,ithelpms@gmail.com,601-562-4227,Philadelphia,MS,39350,3,109,2026
17005412,JNR Consulting,reilly.j.n@gmail.com,607-654-3858,Painted Post,NY,14870,23,216,2025
17005681,Robert Barnes,rob@rebii.com,573-826-0500,Fulton,MO,65251,1,18,2019
17005926,Washington State E-rate Coordinator (OSPI),susan.tenkhoff@k12.wa.us,360-878-4701,Olympia,WA,98504,87,886,2026
17005932,Northwest Tri-County Intermediate Unit,nwpa_econ@iu5.org,814-734-8390,Edinboro,PA,16412,7,439,2026
17006180,Peg Harmon,peg.harmon@gmail.com,317-753-3993,Carmel,IN,46033,1,25,2019
17006481,Alvin Myers,amyersjr@att.net,405-778-8305,Oklahoma City,OK,73118,1,38,2025
17006954,Rhema-TECH,ken.barrios@rhema-tech.com,407-961-1960,Apopka,FL,32703,1,33,2026
17007356,Jamie Price,jamie@dmess.net,910-716-1408,Neenah,WI,54956,1,36,2025
17007364,Quatro Solutions,michael.burns@quatro-solutions.com,252-367-1191,Orlando,FL,32828,3,29,2025
17007659,Telecom Buyer,steve@telecombuyer.us,866-663-6700,Castle Rock,CO,80108,1,11,2019
17007746,Pete Phillips,,509-667-7109,Wenatchee,WA,98801,1,2,2016
17007787,Andrews Consulting,michael@mraconsult.com,989-640-6216,St Johns,MI,48879,1,48,2025
17008086,North Country Library System Consulting,,315-782-5540,Watertown,NY,13601,43,198,2021
17008528,"G&G Consulting Group, LLC",jguerrero@gandgconsult.com,720-483-8433,Denver,CO,80222,28,271,2025
17008823,SNDEN Consultant,erate.jones@esusixteen.org,308-546-7153,North Platte,NE,69101,30,864,2026
17009791,Wilson Consulting,dwilson@wilsonconsulting.org,630-279-8700,Elmhurst,IL,60126,2,53,2025
17009831,Summa E-Rate Solutions,gmichaels@summae-rate.com,844-786-6276,Chicago,IL,60646,28,259,2026
17010625,Ecns Consultant,,601-502-4941,Clinton,MS,39056,1,29,2025
17010836,ESU 9 Erate Consulting,,402-463-5611,Hastings,NE,68901,15,2041,2026
17011185,EDUCATIONAL CONSULTING ASSOCIATES,Hank@ecserate.org,225-283-4822,PINE GROVE,LA,70453,216,3390,2026
17011189,"Smart Networks, LLC.",,787-545-3131,Caguas,PR,00725,1,8,2023
17011235,ERATE FUNDING FOR SCHOOL DISTRICTS,michellem@effsd.com,937-440-0444,TROY,OH,45373,38,331,2026
17011414,"Agron Consulting, LLC",bagron7@outlook.com,925-518-0152,Moraga,CA,94556,9,55,2025
17011458,Milly Summy,msummy@centex.net,512-971-6407,GOLDTHWAITE,TX,76844,14,218,2026
17011488,Chilson Technology Consulting Services,mvchilson@chilsontechservices.com,530-340-5172,Weed,CA,96094,3,54,2026
17011734,"ABC E-Rate, LLC",abcerate@gmail.com,614-286-1017,Columbus,OH,43214,84,1810,2025
17011828,Patrice Derosier,pderosier@ascensionschoolmn.org,763-760-3888,Minneapolis,MN,55411,3,78,2025
17012171,"COMPUTER MANAGEMENT SOLUTIONS, INC",,305-698-8400,HIALEAH,FL,33015,6,101,2026
17012234,Federal Funding Group,charliewick@fedfunding.net,720-217-3518,Evergreen,CO,80437,1,2,2017
17012434,Education Project Management Consulting,info@educationpmc.com,714-724-5862,Round Rock,TX,78683,1,4,2017
17012492,Larkworks,todd@larkworks.org,406-208-7956,Bozeman,MT,59771,7,72,2025
17012511,Douglas ESD,Erate@desd.k12.or.us,541-440-4777,Roseburg,OR,97470,4,56,2025
17012948,ERATE208,,208-871-8715,BOISE,ID,83705,2,14,2025
17013354,AGEE INTERNATIONAL,ageellc@aol.com,312-504-1820,CHICAGO,IL,60649,3,17,2019
17013737,Lindsay Struss,lindsay.struss@yahoo.com,631-495-3148,Oakland,NJ,07436,6,105,2026
17013819,AMERIND Risk - Critical Infrastructure,ksekaquaptewa@amerindrisk.org,505-404-5000,Santa Ana Pueblo,NM,87004,5,47,2024
17013903,TelAssure Global,cindi@telassureglobal.com,352-481-5400,Hawthorne,FL,32640,1,40,2026
17014175,Trimble Consulting,,916-716-5782,El Dorado Hills,CA,95762,1,8,2021
17014556,SCHOLASTIC TECHNOLOGY ASSESSMENT CORP,info@stacedu.com,201-597-6200,MAYWOOD,NJ,07607,19,223,2024
17014788,TECH FUNDS FOR EDUCATION,techfundsconsultant@gmail.com,321-710-7145,ORLANDO,FL,32822,31,430,2026
17015220,Northeast Ohio Regional Library System,deb.blair@neo-rls.org,330-655-0531,Hudson,OH,44236,3,65,2026
17015247,"Moss Consulting, LLC",,971-331-6999,Beaverton,OR,97005,1,42,2025
17015287,Colonial Intermediate Unit 20,tkalinoski-crn@ciu20.org,610-252-5550,Easton,PA,18045,7,191,2026
17015317,GreenBelt Technology Solutions LLC,sswartz@greenbelttech.com,641-849-0211,Eldora,IA,50627,17,407,2026
17015390,The Leona Group,rachael.parks@leonagroup.com,602-953-2933,Phoenix,AZ,85020,45,1065,2025
17015401,Georgia Public Library Service,erate@georgialibraries.org,404-235-7200,Atlanta,GA,30341,36,601,2026
17015454,Mary Fritz Consulting,devilsriverrat@yahoo.com,830-313-2676,Comstock,TX,78837,1,2,2025
17015512,Top Row Technologies,toprowtech@gmail.com,419-742-1200,Toledo,OH,43606,1,10,2025
17015521,Jonfelix Consulting Dba,gjonfelix@gmail.com,401-374-7140,Providence,RI,02908,1,48,2025
17015772,"Virtual C, Inc.",adam@virtualc.biz,402-416-5790,Lincoln,NE,68516,3,47,2025
17016421,EZ E-rate,dkerr@eze-rate.com,317-432-3207,Carmel,IN,46032,2,6,2018
17017390,"ClearCom IT Solutions, Inc.",,508-892-5555,Sturgridge,MA,01566,1,20,2023
17017503,Philip M. Decker,pdecker6068@gmail.com,252-939-4672,Kinston,NC,28504,1,17,2022
17017798,Larry W. Talbert,talbertls@gmail.com,530-647-6999,Haines,AK,99827,1,3,2019
17017906,ESU 8 E-rate Consulting,erate@esu8.org,402-887-5041,Neligh,NE,68756,34,731,2026
17018295,John Krake,john.krake@communityfiberpartners.com,510-247-8800,Castro Valley,CA,94546,1,18,2022
17018488,"MR Technologies, LLC",hawortha77@gmail.com,731-388-3158,Humboldt,TN,38343,1,2,2019
17018493,"Simply Safe, LLC",simplysafeaz@gmail.com,623-332-6357,Phoenix,AZ,85086,33,338,2026
17018547,"DeAnne Rand, E-Rate Coordinator",akstatedeanne@gmail.com,907-301-4306,Anchorage,AK,99515,37,413,2026
17018905,HWC Consultants,michela@hwc-consultants.com,415-692-0708,San Francisco,CA,94117,121,849,2026
17018927,"JFR Tech, LLC",james.rollison@jfr-tech.com,928-233-0478,Flagstaff,AZ,86004,4,66,2026
17019098,Caplan and Earnest LLC,ehood@celaw.com,303-443-8010,Boulder,CO,80302,1,44,2025
17019419,Linn Benton Lincoln ESD - Consulting,erate@lblesd.k12.or.us,541-812-2798,Albany,OR,97321,44,184,2026
17019968,E-rate CONNECT,hhosey@erateconnect.com,828-384-8460,Winston-Salem,NC,27106,5,38,2025
17020033,East Central Ohio ESC,,330-308-9939,New Philadelphia,OH,44663,13,246,2025
17020038,Charter Technologies LLC,droske@chartertechnologiesllc.com,360-362-8544,Seattle,WA,98115,4,122,2026
17020245,Solix Inc.,solixconsultingservices@solixinc.com,855-765-4987,Parsippany,NJ,07054,254,2617,2026
17020266,Fusion ED Inc.,,805-258-2022,Provo,UT,84601,7,32,2025
17020267,Janie Griffith Consulting,,850-865-0248,DeFuniak Springs,FL,32435,9,42,2026
17020929,"Fundraise411, LLC",vonni@fundraise411.org,540-994-7268,Ocoee,FL,34761,2,34,2025
17021147,Scheeser Buckley Mayfield LLC,bharris@sbmce.com,330-896-4664,Uniontown,OH,44685,1,1,2019
17021217,The Educational Empowerment Group,info@edempowerment.com,330-956-7203,Akron,OH,44301,24,366,2025
17021966,Communications Audit Services,john@cas-erate.com,847-422-3254,Chapel Hill,NC,27516,439,2600,2026
17022156,TechFunds Agency,consultant@techfundsagency.com,407-710-7737,Orlando,FL,32832,40,230,2026
17022164,Kish Russell,kishrussell@yahoo.com,210-289-3016,San Antonio,TX,78213,4,47,2026
17022566,Sound E-rate Inc,erate@sounderate.com,252-624-9878,Washington,NC,27889,139,1085,2026
17022816,CSDO E-Rate Support,eratehelp@csdo.org,510-496-7236,OAKLAND,CA,94612,22,353,2026
17022938,Edutech,jane@eratehub.com,804-372-0352,Manakin Sabot,VA,23103,4,30,2025
17022998,"Vinson Group, LLC",e-rate@vinsonedu.com,614-428-4088,"Columbus,",OH,43235,44,656,2026
17023320,ESU 7 E-Rate Consulting,,402-564-5753,Columbus,NE,68601,28,588,2026
17023336,Azimuth,david.crowder@azimuthcompanies.com,334-245-3863,Montgomery,AL,36104,1,4,2022
17023601,NewPath Strategy Consultants LLC,jyoung@newpathstrategy.com,601-354-3657,Suite 502 Jackson,MS,39201,1,25,2026
17023744,SOS Group Inc,cfisher@sosgroupinc.com,484-624-4162,Phoenixville,PA,19460,1,12,2025
17024406,"Shute Enterprises, Inc.",mwshute@shuteent.com,770-918-5001,Lithonia,GA,30058,1,8,2022
17024593,"Arete Consulting, LLC",stephen@areteadvance.com,612-210-6372,Anoka,MN,55303,1,12,2025
17024625,"Integrated SchoolHouse, Inc",,937-776-3803,Washington Township,OH,45458,2,4,2021
17025675,Educational Service Unit 1,e-rate@esu1.org,402-287-2061,Wakefield,NE,68784,23,1472,2026
17025707,Lucky Thirteen Consulting,josh.chisom@gmail.com,510-282-1722,Berkeley,CA,94702,4,43,2026
17025748,"Daniel Gaffney Consulting, LLC",daniel@gaffneyconsulting.org,315-481-7050,Kenmore,NY,14217,6,28,2025
17025769,"K.L. Smith Consulting, LLC",klsmith@klsmithconsulting.com,605-484-9554,Rapid City,SD,57709,94,881,2026
17025817,Chris Harris Consulting,coastalbenderate@gmail.com,361-728-9687,Corpus Christi,TX,78414,32,520,2026
17025864,Shauna Wilkins,Shauna.A.Wilkins@gmail.com,484-896-8488,Whitehall,PA,18052,124,1066,2026
17026008,FACTS Education Solutions,erate@factsmgt.com,402-458-3085,Lincoln,NE,68508,48,97,2026
17026125,Allen Ramsier,,312-505-4775,Evanston,IL,60201,1,16,2025
17026416,Iron E-Rate Consulting,ironerateconsulting@gmail.com,803-673-7855,Columbia,SC,29206,2,7,2024
17026442,CESA 10,erate@cesa10.org,715-723-0341,Chippewa Falls,WI,54729,72,1096,2026
17026509,Erate Management Solutions Inc.,dovbernsteinerate@gmail.com,201-917-9031,Woodmere,NY,11598,87,731,2026
17026554,Erate Advisory Group,lauren@erateadvisory.com,201-468-0359,New York,NY,10018,10,60,2025
17026838,Erate Management Support Inc.,rivkataubenfeld55@gmail.com,917-965-5536,Hewlett,NY,11557,17,152,2025
17026840,"BridgeVision Consulting, LLC",info@bridgevisionconsulting.com,404-985-9696,Atlanta,GA,30315,77,588,2026
17027114,"Nexus E-Rate Services, LLC",info@nexuserateservices.com,602-799-2639,Phoenix,AZ,85032,132,1358,2026
17027175,Erate Management Group LLC,irwinbernsteinepc@gmail.com,646-434-5964,Cedarhurst,NY,11516,16,89,2025
17027489,"Inter-Quest, Corp.",wschwartz@interquestcorp.com,920-885-0141,Beaver Dam,WI,53916,1,18,2025
17027827,Sourcewell,mary.mehsikomer@sourcewell-mn.gov,218-541-5413,Staples,MN,56479,10,41,2026
17027903,"Boos Financial Services, Inc",,303-643-5642,Northglen,CO,80260,15,142,2025
17028255,B&R Erate Consulting Services,dbelden@bandrconsultingservices.org,610-420-4290,Bristol,PA,19007,91,840,2026
17028671,"Rogers School Business Consulting, LLC",nrogers1025@gmail.com,936-569-0777,Nacogdoches,TX,75961,5,42,2026
17028690,Live Oak Solutions Inc.,ericstockmeyer@liveoakedsolutions.com,716-262-5032,Buffalo,NY,14216,6,48,2025
17028818,"Rupe Consulting Services, LLC",mrupeconsulting@gmail.com,858-695-2413,San Diego,CA,92131,16,280,2026
17028879,"Grow Associates, LLC",ken@growassociatesllc.com,646-207-5200,Houston,TX,77077,7,94,2026
17028929,"Strategic Consulting, LLC",,702-530-9308,Las Vegas,NV,89178,12,192,2026
17028946,UETN  NFP E-Rate Consulting Services,erateNFPconsulting@uen.org,801-581-3019,Salt Lake City,UT,84112,43,576,2026
17028970,GPS Americas LLC,PM@eratesupport.com,866-828-2820,St. Petersburg,FL,33702,259,563,2026
17029784,G Weisiger Consulting,galleria3371@yahoo.com,804-892-1449,Midlothian,VA,23112,2,22,2025
17030481,"Information Systems Solutions,  LLC",bos@iss-central.com,337-506-2100,Ville Platte,LA,70586,1,10,2025
17030492,Brasher LLC,rebecca@brasherllc.com,928-308-2268,Kirkland,AZ,86332,1,4,2023
17032171,"Leona Group, Midwest",jami.foote@leonagroupmw.com,517-333-9030,Okemos,MI,48864,18,112,2025
17032301,Cultivate Group,brian@cultivategrp.com,425-830-0935,Wilsonville,OR,97070,5,29,2025
17032559,Columbia Gorge ESD E-Rate Services,erate@cgesd.k12.or.us,541-993-6897,The Dalles,OR,97058,13,114,2026
17032613,"Blue Sky Business and Technology Consultants, LLC",rebecca@blueskync.org,303-304-4261,Calabash,NC,28467,3,20,2025
17032626,Obsidian IT Inc.,help@obsidianit.com,530-242-6000,Redding,CA,96001,1,7,2025
17032694,Skylands E Rate,info@e-rate.org,888-267-8018,Augusta,NJ,07822,56,50,2026
17032872,"Cross & Dot, LLC",e-rate@crossanddotllc.com,404-754-3570,Jefferson,GA,30549,13,103,2026
17032888,Academica West,emily@academicawest.com,801-540-8080,Kaysville,UT,84037,3,8,2025
17032935,"Growing Minds, LLC",info@growingmindstogether.org,970-403-4262,Durango,CO,81301,1,7,2026
17033000,E-rate Management Corp,eratemanagementcorp@gmail.com,929-335-2819,Woodmere,NY,11598,1,8,2025
17033030,CityDroneZ LLC,Kmeenan@citydroneZ.com,888-437-6639,White Plains,NY,10601,1,4,2025
17033049,Townsend Consulting Partners LLC,townsendconsultingpartnersllc@gmail.com,903-738-3747,Richland Hills,TX,76118,4,31,2026
17033105,"TL TECH Services, LLC",tltechservicesllc@gmail.com,570-854-3669,Danville,PA,17821,1,3,2024
17033107,Provision Scout,jeff@provisionscout.com,615-428-7475,Franklin,TN,37064,70,502,2025
17033235,Catalyst Sourcing Solutions,Info@Catalystsourcing.com,877-386-9009,Eagan,MN,55122,6,34,2025
17034658,The Boros Group,theborosgroup@gmail.com,910-408-2530,Wilmington,NC,28411,1,4,2025
17034970,CESA 7,brodgers@cesa7.org,920-492-5960,Green Bay,WI,54304,2,14,2025
17035293,"J&M Consulting and Educational Services, Inc.",mcortes@jmconsultingpr.com,787-395-7151,San Juan,PR,00926,27,68,2025
17035338,ESU 17 E-Rate Services,erate@esu17.org,402-387-1420,Ainsworth,NE,69210,5,308,2026
17035347,Choice Schools,paulezel@choiceschools.com,616-785-8440,Wyoming,MI,49509,12,119,2026
17035383,Siskiyou Technical Services,john@sisqtech.com,530-598-2388,Etna,CA,96027,7,32,2025
17035447,FRINDAV E-RATE CONSULTING,dfringer@frindav.net,402-981-0167,Omaha,NE,68164,7,40,2026
17035594,M3 Global Connect,Mp2@m3globalconnect.com,954-599-5780,Eatonton,GA,31024,1,4,2024
17035600,EPC RPA Firm,,123-456-7890,Washington,DC,20005,115,625,2024
17035740,Caramia Consulting,gary@caramia.net,603-494-8774,Bedford,NH,03110,1,11,2026
17035771,"Department of Education and Early Development, State of Alaska",eed.tech@alaska.gov,907-465-2800,Juneau,AK,99801,37,190,2026
17036424,TECK Lady LLC,kaya@tecklady.com,410-929-3467,Odenton,MD,21113,1,8,2025
17036596,"Middle 51, LLC",kate@middlefiftyone.com,561-315-6102,Atlanta,GA,30350,28,159,2026
17036758,E-rate USA,erateusa@outlook.com,509-314-1055,Centerville,WA,98613,2,5,2026
17037691,"Erate Pro, LLC",info@eratepro.com,623-332-6357,St. Petersburg,FL,33702,71,271,2026
17046151,Office Technology Partners LLC,Omar@officetechnologypartners.com,818-912-7799,Los Angeles,CA,90024,1,3,2025
17046243,"FSC Educational Consulting, LLC",cikachf@gmail.com,440-283-8832,Novelty,OH,44072,4,20,2026
17046261,"Hard Rock Tech, LLC",james@consulting-hrt.com,201-208-2518,Charleston,IL,61920,1,2,2025
17046531,Boundless Federal Funding,info@usfbff.com,225-800-6575,Baton Rouge,LA,70809,16,50,2025
17048084,"Bespoke Consulting, LLC.",gharwood@bespokeconsulting.net,254-717-0238,Woodway,TX,76712,2,1,2026
17048098,"EMY Consulting, LLC",eyearly@emyconsulting.biz,703-943-8129,Arlington,VA,22203,1,1,2026
17048322,"Fuschia Computing Solutions, LLC",eric@fuschiasolutions.com,724-812-7380,Connellsville,PA,15425,1,2,2025
17049059,"Federal Funding Advisors, LLC",erate@ffadvisors.net,951-332-0084,Riverside,CA,92509,24,31,2026
17049085,American Indian Higher Education Consortium,info@aihec.org,703-838-0400,Alexandria,VA,22314,1,1,2026
17049183,Coastal Bend Erate,chris@coastalbenderate.com,361-728-9687,Corpus Christ,TX,78414,20,23,2026
17049206,"E-Rate Partners Consulting, LLC",e-rate@eratepartnersconsulting.com,315-547-6494,Lynchburg,VA,24506,1,1,2026
17049376,Iowa AEA E-Rate Consulting,erate@iowaaea.org,563-245-1480,Elkader,IA,52043,71,89,2026
